/*
SQLyog Ultimate v12.5.1 (64 bit)
MySQL - 5.7.22-log : Database - ywt
*********************************************************************
*/

/*!40101 SET NAMES utf8 */;

/*!40101 SET SQL_MODE=''*/;

/*!40014 SET @OLD_UNIQUE_CHECKS=@@UNIQUE_CHECKS, UNIQUE_CHECKS=0 */;
/*!40014 SET @OLD_FOREIGN_KEY_CHECKS=@@FOREIGN_KEY_CHECKS, FOREIGN_KEY_CHECKS=0 */;
/*!40101 SET @OLD_SQL_MODE=@@SQL_MODE, SQL_MODE='NO_AUTO_VALUE_ON_ZERO' */;
/*!40111 SET @OLD_SQL_NOTES=@@SQL_NOTES, SQL_NOTES=0 */;
CREATE DATABASE /*!32312 IF NOT EXISTS*/`ywt` /*!40100 DEFAULT CHARACTER SET gbk */;

USE `ywt`;

/*Table structure for table `contacts` */

DROP TABLE IF EXISTS `contacts`;

CREATE TABLE `contacts` (
  `Id` varchar(4) NOT NULL,
  `CustomerId` varchar(4) NOT NULL,
  `ContactsName` varchar(4) NOT NULL,
  `DepartmentId` char(2) DEFAULT NULL,
  `Location` varchar(40) DEFAULT NULL,
  `Tel` varchar(12) DEFAULT NULL,
  `Tel2` varchar(12) DEFAULT NULL,
  `Email` varchar(20) DEFAULT NULL,
  `Webchat` varchar(20) DEFAULT NULL,
  `BeginData` date DEFAULT NULL,
  `Level` varchar(1) DEFAULT NULL,
  `BeginningDate` date DEFAULT NULL,
  `InitialBalance` double DEFAULT NULL,
  `LastDate` date DEFAULT NULL,
  `FinalBalance` double DEFAULT NULL,
  `State` bit(1) DEFAULT NULL,
  `PyIndex` char(4) DEFAULT NULL,
  PRIMARY KEY (`Id`),
  UNIQUE KEY `Id_UNIQUE` (`Id`)
) ENGINE=InnoDB DEFAULT CHARSET=gbk;

/*Data for the table `contacts` */

insert  into `contacts`(`Id`,`CustomerId`,`ContactsName`,`DepartmentId`,`Location`,`Tel`,`Tel2`,`Email`,`Webchat`,`BeginData`,`Level`,`BeginningDate`,`InitialBalance`,`LastDate`,`FinalBalance`,`State`,`PyIndex`) values 
('0001','0001','边和利',NULL,'边地址','12345678',NULL,'142134@129.cn',NULL,NULL,NULL,NULL,NULL,NULL,NULL,'\0',NULL),
('0002','0002','李建野',NULL,'天津市蓟县马伸桥镇幸福村1区1排2号','18920133308',NULL,NULL,NULL,'2018-05-27',NULL,NULL,NULL,NULL,NULL,'\0',NULL),
('0003','0003','姚莉超',NULL,'河北省衡水市桃城区榕花北大街1669号燕杰武校','18631149764',NULL,NULL,NULL,'2018-05-27',NULL,NULL,NULL,NULL,NULL,'\0',NULL),
('0004','0001','凡帅帅',NULL,'辽宁省沈阳市苏家屯区红椿路88-2门','17649868990','13783170659',NULL,NULL,'2018-05-27',NULL,NULL,NULL,NULL,NULL,'\0',NULL),
('0005','0001','朱普',NULL,'吉林省长春市宽城区团山街道-城区北环城路2355号-富宝石材','15704447894',NULL,NULL,NULL,'2018-05-27',NULL,NULL,NULL,NULL,NULL,'\0',NULL),
('0006','0004','王庆生',NULL,'黑龙江省大庆市林甸','15645903636',NULL,NULL,NULL,'2018-05-27',NULL,NULL,NULL,NULL,NULL,'\0',NULL),
('0007','0004','邹鸿宇',NULL,'黑龙江省大庆市龙凤乙烯兴化大街54号联通公司','18645900400',NULL,NULL,NULL,'2018-05-27',NULL,NULL,NULL,NULL,NULL,'\0',NULL),
('0008','0004','任艳庆',NULL,'黑龙江省大庆市肇州县','15645903175',NULL,NULL,NULL,'2018-05-27',NULL,NULL,NULL,NULL,NULL,'\0',NULL),
('0009','0004','李艳秋',NULL,'黑龙江省大庆市大同区林源镇联通','15645901731',NULL,NULL,NULL,'2018-05-27',NULL,NULL,NULL,NULL,NULL,'\0',NULL),
('0010','0005','余瑞东',NULL,'黑龙江省哈尔滨市香坊区民生路166号民生国际B2栋1单元301室','15295513299',NULL,NULL,NULL,'2018-05-27',NULL,NULL,NULL,NULL,NULL,'\0',NULL),
('0011','0006','顾治中',NULL,'上海市静安区洛川东路285号东方明珠欧洲城213室','18121369022',NULL,'guzhizhong@126.com',NULL,'2018-05-28',NULL,NULL,NULL,NULL,NULL,'\0',NULL),
('0012','0004','王振玖',NULL,'黑龙江省大庆市让胡路区乘风庄联通公司','15645900042',NULL,NULL,NULL,'2018-05-28',NULL,NULL,NULL,NULL,NULL,'\0',NULL),
('0013','0005','许超',NULL,'江苏南京市玄武区龙蟠路8号和平大购一栋一单元202室','15295502199',NULL,NULL,NULL,'2018-06-01',NULL,NULL,0,NULL,0,'\0',NULL),
('0014','0007','葛亮',NULL,'北京市朝阳区黄厂路恒大御景湾西区恒大领寓 9楼1129','15811112840',NULL,NULL,NULL,'2018-06-03',NULL,NULL,0,NULL,0,'\0',NULL),
('0015','0008','田斌',NULL,'哈尔滨市五常','18645187393',NULL,NULL,NULL,'2018-06-07',NULL,NULL,0,NULL,0,'\0',NULL),
('0016','0008','郑健',NULL,'哈尔滨市五常','18645187393',NULL,NULL,NULL,'2018-06-07',NULL,NULL,0,NULL,0,'\0',NULL),
('0017','0008','张文俊',NULL,'哈尔滨市通河','18645181211',NULL,NULL,NULL,'2018-06-07',NULL,NULL,0,NULL,0,'\0',NULL),
('0018','0008','赵保民',NULL,'哈尔滨市宾县宾州镇东大街2号','18604612206',NULL,NULL,NULL,'2018-06-07',NULL,NULL,0,NULL,0,'\0',NULL),
('0019','0008','刘朝东',NULL,'哈尔滨市线路维护中心','18603656757',NULL,NULL,NULL,'2018-06-07',NULL,NULL,0,NULL,0,'\0',NULL),
('0020','0008','王新生',NULL,'哈尔滨市干线','18603658551',NULL,NULL,NULL,'2018-06-07',NULL,NULL,0,NULL,0,'\0',NULL),
('0021','0008','王云鹤',NULL,'哈尔滨市巴彦','18604615726',NULL,NULL,NULL,'2018-06-07',NULL,NULL,0,NULL,0,'\0',NULL),
('0022','0008','赵英龙',NULL,'哈尔滨市阿城','18603609037',NULL,NULL,NULL,'2018-06-07',NULL,NULL,0,NULL,0,'\0',NULL),
('0023','0008','兰海鹰',NULL,'哈尔滨市道外网格','18603658826',NULL,NULL,NULL,'2018-06-07',NULL,NULL,0,NULL,0,'\0',NULL),
('0024','0008','单长刚',NULL,'哈尔滨市香坊网格','18605557892',NULL,NULL,NULL,'2018-06-07',NULL,NULL,0,NULL,0,'\0',NULL),
('0025','0008','于鹏洋',NULL,'哈尔滨市香坊网格','18603656781',NULL,NULL,NULL,'2018-06-07',NULL,NULL,0,NULL,0,'\0',NULL),
('0026','0008','栾卫峰',NULL,'哈尔滨市道里网格','18603656805',NULL,NULL,NULL,'2018-06-08',NULL,NULL,0,NULL,0,'\0',NULL),
('0027','0008','任一伦',NULL,'哈尔滨市道里网格','18603659386',NULL,NULL,NULL,'2018-06-08',NULL,NULL,0,NULL,0,'\0',NULL),
('0028','0008','刘春雷',NULL,'哈尔滨市木兰','18603611075',NULL,NULL,NULL,'2018-06-09',NULL,NULL,0,NULL,0,'\0',NULL),
('0029','0008','薛龙',NULL,'哈尔滨市双城','18603616997',NULL,NULL,NULL,'2018-06-09',NULL,NULL,0,NULL,0,'\0',NULL),
('0030','0008','徐世强',NULL,'哈尔滨市方正','18603600872',NULL,NULL,NULL,'2018-06-11',NULL,NULL,0,NULL,0,'\0',NULL),
('0031','0008','刘亚东',NULL,'哈尔滨市线路维护中心','18603656778',NULL,NULL,NULL,'2018-06-11',NULL,NULL,0,NULL,0,'\0',NULL),
('0032','0008','刘旭辉',NULL,'哈尔滨市呼兰','18645177665',NULL,NULL,NULL,'2018-06-11',NULL,NULL,0,NULL,0,'\0',NULL),
('0033','0008','邹兴国',NULL,'哈尔滨市延寿','18604610877',NULL,NULL,NULL,'2018-06-12',NULL,NULL,0,NULL,0,'\0',NULL),
('0034','0004','王景双',NULL,'黑龙江省大庆市萨尔图区会战大街31号会战邮局院内','15645902957',NULL,NULL,NULL,'2018-06-17',NULL,NULL,0,NULL,0,'\0',NULL),
('0035','0009','田广浩',NULL,'河北省衡水市桃城区中心街717号','13383387248',NULL,NULL,NULL,'2018-06-17',NULL,NULL,0,NULL,0,'\0',NULL),
('0036','0010','张佳恒',NULL,'福建福州市台江区广达路68号金源大广场东区14A福光电子技术部','13788880221','59183305876',NULL,NULL,'2018-06-17',NULL,NULL,0,NULL,0,'\0',NULL),
('0037','0011','刘安祥',NULL,'吉林省长春市二道区东荣大路万晟御水湾1号楼2层中人网络','13756523706',NULL,NULL,NULL,'2018-06-17',NULL,NULL,0,NULL,0,'\0',NULL),
('0038','0012','杨志军',NULL,'北京市房山区琉璃河镇车站前街胡同饭店南二层平房','15611959853',NULL,NULL,NULL,NULL,NULL,NULL,0,NULL,0,'\0',NULL),
('0039','0012','杨凤英',NULL,'北京市房山区琉璃河镇车站前街胡同饭店南二层平房','15699783096',NULL,NULL,NULL,'2018-06-18',NULL,NULL,0,NULL,0,'\0',NULL),
('0040','0013','葛亚平',NULL,'河北承德平泉县宣化街15号','15831455055',NULL,NULL,NULL,'2018-06-18',NULL,NULL,0,NULL,0,'\0',NULL),
('0041','0014','吴光丽',NULL,'北京市顺义区马坡镇泥河村','13699183117',NULL,NULL,NULL,'2018-06-18',NULL,NULL,0,NULL,0,'\0',NULL),
('0042','0015','纪秀红',NULL,'天津天津市南开区华苑产业园榕苑路16号鑫茂科技园G座六层C单元','13312189618',NULL,NULL,NULL,'2018-06-18',NULL,NULL,0,NULL,0,'\0',NULL),
('0043','0015','赵振强',NULL,'天津市宝坻区潮阳街道潮南花园17-5-501室','18920612222',NULL,NULL,NULL,'2018-06-19',NULL,NULL,0,NULL,0,'\0',NULL),
('0044','0003','韩志朝',NULL,'河北唐山市路北区西外环57号中国联通','15690518666',NULL,NULL,NULL,'2018-06-20',NULL,NULL,0,NULL,0,'\0',NULL),
('0045','0005','陈浩如',NULL,'河北石家庄市桥西区新石北路天下玉苑小区6-3-202室','18845145999',NULL,NULL,NULL,'2018-06-22',NULL,NULL,0,NULL,0,'\0',NULL),
('0046','0005','陈西楚',NULL,'河北石家庄市桥西区新石北路天下玉苑小区6-3-202室','15295513299',NULL,NULL,NULL,'2018-06-27',NULL,NULL,0,NULL,0,'\0',NULL),
('0047','0016','哈维华',NULL,'北京市海淀区中关村银海大厦','13901245681','18519515681',NULL,NULL,'2018-07-03',NULL,NULL,0,NULL,0,'\0',NULL),
('0048','0005','胡世义',NULL,'辽宁沈阳市沈河区友好街55号3101室','15295565799',NULL,NULL,NULL,'2018-07-03',NULL,NULL,0,NULL,0,'\0',NULL);

/*Table structure for table `customer` */

DROP TABLE IF EXISTS `customer`;

CREATE TABLE `customer` (
  `Id` char(4) NOT NULL,
  `CusName` char(40) NOT NULL,
  `Location` char(40) DEFAULT NULL,
  `Tel` char(12) DEFAULT NULL,
  `Fax` char(12) DEFAULT NULL,
  `Email` char(20) DEFAULT NULL,
  `PyIndex` char(40) DEFAULT NULL,
  `Leveal` char(1) DEFAULT NULL,
  PRIMARY KEY (`Id`),
  UNIQUE KEY `Id_UNIQUE` (`Id`),
  UNIQUE KEY `CusName_UNIQUE` (`CusName`)
) ENGINE=InnoDB DEFAULT CHARSET=gbk;

/*Data for the table `customer` */

insert  into `customer`(`Id`,`CusName`,`Location`,`Tel`,`Fax`,`Email`,`PyIndex`,`Leveal`) values 
('0001','中铁电气化局集团有限公司沈阳电气化工程分公司','辽宁省沈阳市浑南区上深沟村861-19号','02488013787','1232431324',NULL,NULL,NULL),
('0002','天津蓟县李建坤工程队','天津蓟县马伸桥镇幸福村1区1排2号','18920155165',NULL,NULL,NULL,NULL),
('0003','河北通信建设有限公司','河北省石家庄市桥东区槐北路38号','31188633691',NULL,NULL,NULL,NULL),
('0004','中国联通大庆分公司','黑龙江省大庆市',NULL,NULL,NULL,NULL,NULL),
('0005','哈尔滨诺天通信','黑龙江省哈尔滨市香坊区民生路166号民生国际B2栋1单元301室',NULL,NULL,NULL,NULL,NULL),
('0006','上海安跃电气有限公司','上海市静安区洛川东路285号东方明珠欧洲城213室','02156336660',NULL,NULL,NULL,NULL),
('0007','北京葛氏仪器公司','北京朝阳区恒大御景湾西区','15811112840',NULL,NULL,NULL,NULL),
('0008','中国联通哈尔滨分公司','黑龙江省哈尔滨市南岗区',NULL,NULL,NULL,NULL,NULL),
('0009','河北新创恒网络工程技术有限公司','河北省衡水市桃城区中心街717号','03187080696',NULL,NULL,NULL,NULL),
('0010','福州福光电子有限公司','福建省福州市开发区星发路8号','59183305858',NULL,NULL,NULL,NULL),
('0011','长春中人通信有限公司','吉林省长春市二道区东荣大路万晟御水湾1号楼2层中人网络',NULL,'43189271671',NULL,NULL,NULL),
('0012','房山杨志军工程队','北京市房山区琉璃河镇车站前街胡同饭店南二层平房','15611959853',NULL,NULL,NULL,NULL),
('0013','河北承德葛亚平工程队','河北省承德市平泉县','15831455055',NULL,NULL,NULL,NULL),
('0014','北京黄俊保工程队','北京市顺义区马坡镇泥河村','18911722767',NULL,NULL,NULL,NULL),
('0015','天津市光通通信工程技术有限公司','天津天津市南开区华苑产业园榕苑路16号鑫茂科技园G座六层C单元','13323385688',NULL,NULL,NULL,NULL),
('0016','北京山川浩通信技术有限公司','北京海淀区中关村银海大厦','13901245681','324213',NULL,NULL,NULL);

/*Table structure for table `department` */

DROP TABLE IF EXISTS `department`;

CREATE TABLE `department` (
  `Id` char(2) NOT NULL,
  `CustomerId` char(4) NOT NULL,
  `Name` char(20) DEFAULT NULL,
  `Location` char(30) DEFAULT NULL,
  `Tel` char(12) DEFAULT NULL,
  `Fax` char(12) DEFAULT NULL,
  `PyIndex` char(20) DEFAULT NULL,
  `FF` text,
  PRIMARY KEY (`Id`),
  UNIQUE KEY `id_UNIQUE` (`Id`)
) ENGINE=InnoDB DEFAULT CHARSET=gbk;

/*Data for the table `department` */

/*Table structure for table `repairorder` */

DROP TABLE IF EXISTS `repairorder`;

CREATE TABLE `repairorder` (
  `Id` varchar(4) NOT NULL,
  `Date` date DEFAULT NULL,
  `CustomerId` varchar(4) DEFAULT NULL,
  `ContactsId` varchar(4) DEFAULT NULL,
  `DeviceName` varchar(30) DEFAULT NULL,
  `DeviceBrand` varchar(30) DEFAULT NULL,
  `DeviceModel` varchar(30) DEFAULT NULL,
  `DeviceSn` varchar(30) DEFAULT NULL,
  `DeviceMoudleName` varchar(30) DEFAULT NULL,
  `DeviceMoudleSn` varchar(30) DEFAULT NULL,
  `DeviceAccessory` varchar(100) DEFAULT NULL,
  `FaultDescription` varchar(200) DEFAULT NULL,
  `ProcessDescription` varchar(200) DEFAULT NULL,
  `CommunicationDetails` varchar(200) DEFAULT NULL,
  `State` char(1) DEFAULT NULL,
  PRIMARY KEY (`Id`)
) ENGINE=InnoDB DEFAULT CHARSET=gbk;

/*Data for the table `repairorder` */

insert  into `repairorder`(`Id`,`Date`,`CustomerId`,`ContactsId`,`DeviceName`,`DeviceBrand`,`DeviceModel`,`DeviceSn`,`DeviceMoudleName`,`DeviceMoudleSn`,`DeviceAccessory`,`FaultDescription`,`ProcessDescription`,`CommunicationDetails`,`State`) values 
('0001','2018-03-27','0002','0002','熔接机','黑马','D90S','1401036232',NULL,NULL,'DC-09切割刀\r\n电池','接续损耗大、切割不良',NULL,NULL,'0'),
('0002','2018-04-14','0003','0003','OTDR','安捷伦','E6000C','DE41300357','E6003B','DE38800686','电池、光口、AC电源及AC线、软包','显示不良、测试不良、电池不良\r\n显示：1350  测试不良：1200   电池：1200     合计：3750  含返30% \r\n2018.06.05付光，公\r\n2018.04.21顺丰153 295 129 794 整机\r\n2018.04.22顺丰153 295 824 686电池',NULL,NULL,'0'),
('0003','2018-04-14','0003','0003','熔接机','藤仓','FSM-60S','30971',NULL,NULL,'ADC-13(A17230#）','加热炉粘连\r\n修加热炉：700  人工：750   合计1450 含返30%\r\n2018.6.5收光，公\r\n2018.04.21顺丰153 295 129 794 整机',NULL,NULL,'0'),
('0004','2018-04-23','0003','0003','熔接机','瑞研','F-600P','201404-01800',NULL,NULL,'皮线夹具一对','不能熔接机、不显示\r\n屏不显示：800  人工：750 合计1550 无返 2018.6.5付光公\r\n2018.4.29顺丰153 315 773 549',NULL,NULL,'0'),
('0005','2018-04-23','0003','0003','熔接机','光谷','GT-17B01','GTBP16102035',NULL,NULL,NULL,'不能熔接\r\n人工750 无返 2018.6.5付光公\r\n\r\n2018.4.29顺丰153 315 773 549',NULL,NULL,'0'),
('0006','2018-04-16','0001','0004','熔接机','藤仓','FSM-80S','L2E84CV2637WDC9B',NULL,NULL,'ADC-18(13050064#)、BTR-09(13050206#)、FC-6S(103188#)、AC线、\r\n充电线、便携箱','保养、检定\r\n电极600，刀片800，人工750 合计2250\r\n2018.06.06顺丰153 404 577  873 同22、23号单发货','电极600，刀片800，人工750 合计2250\r\n2018.06.06顺丰153 404 577  873 同22、23号单发货',NULL,'0'),
('0007','2018-04-16','0001','0004','熔接机','藤仓','FSM-50S','10486',NULL,NULL,'电池（15120#）和充电器、FC-6S(87544#)、','保养检定\r\n电极600，刀片800，人工750  带垫运费100 合计2250\r\n2018.4.23顺丰153 299 658 947 。 7，8，9，10，11号单同发货',NULL,NULL,'0'),
('0008','2018-04-16','0001','0004','熔接机','住友','TYPE-81C','194322454051',NULL,NULL,'电池、AC电源、AC线、FC-6S(无号）','保养检定\r\n电极600，刀片800，人工750，带垫运费100 合计2250\r\n2018.4.23顺丰153 299 658 947 。 7，8，9，10，11号单同发货',NULL,NULL,'0'),
('0009','2018-04-16','0001','0004','OTDR','横河','AQ7275','91M617758',NULL,NULL,'光口、电池、AC电源、AC线、软包','保养检定\r\n换AC适配器150，人工600合计750\r\n 2018.4.23 顺丰。7，8，9，10，11号单同发货',NULL,NULL,'0'),
('0010','2018-04-16','0001','0004','OTDR','横河','AQ7280','C3QM29005F','AQ7282A','C3QM29020F','光口、电池、充电器、软包','保养检定\r\n人工600\r\n 2018.4.23 顺丰。7，8，9，10，11号单同发货',NULL,NULL,'0'),
('0011','2018-04-16','0001','0004','OTDR','安立','MT9081D1','6200457493',NULL,NULL,'光口、电池、AC电源、AC线、软包','保养检定\r\n人工600\r\n 2018.4.23 顺丰。7，8，9，10，11号单同发货',NULL,NULL,'0'),
('0012','2018-04-17','0001','0005','熔接机','住友','TYPE-81C','194322474012',NULL,NULL,NULL,'保养检定\r\n人工750 \r\n2018.4.28顺丰820 068 613 098',NULL,NULL,'0'),
('0013','2018-04-17','0001','0005','熔接机','住友','TYPE-81C','194322474013',NULL,NULL,NULL,'保养检定\r\n人工750\r\n2018.4.28顺丰820 068 613 098',NULL,NULL,'0'),
('0014','2018-04-17','0001','0005','OTDR','横河','AQ7280','C3QM24015F',NULL,NULL,NULL,'保养检定\r\n人工600\r\n2018.4.28顺丰820 068 613 098',NULL,NULL,'0'),
('0015','2018-04-17','0001','0005','OTDR','横河','AQ7280','C3QM24014F',NULL,NULL,NULL,'保养检定\r\n人工600\r\n2018.4.28顺丰820 068 613 098',NULL,NULL,'0'),
('0016','2018-04-05','0004','0006','熔接机','DVP','DVP-730',NULL,NULL,NULL,'3把国产切割刀','ZL推进故障。',NULL,NULL,'0'),
('0017','2018-04-14','0004','0007','OTDR','ZCTT','E20B','09121208',NULL,NULL,'电池、外光口2个','测试不良、电池老化',NULL,NULL,'0'),
('0018','2018-04-18','0004','0008','熔接机','吉隆','KL-300F','308001401C0321',NULL,NULL,'250夹具一对','接续不畅，提示光纤位置等有误',NULL,NULL,'0'),
('0019','2018-05-03','0004','0008','熔接机','吉隆','KL-280F','28200001210433',NULL,NULL,'250夹具一对','放电不良，不能接续。',NULL,NULL,'0'),
('0020','2018-05-27','0004','0009','熔接机','古河','S-153A','01275',NULL,NULL,'含电池2块','接续不良、电池一块老化',NULL,NULL,'0'),
('0021','2018-04-23','0005','0010','路由探测仪','3M','2273E',NULL,NULL,NULL,NULL,'开机异响、不能测试。\r\n发射机故障，\r\n无票500 \r\n2018.5.31顺丰153 391 360 591',NULL,NULL,'0'),
('0022','2018-05-12','0001','0004','OTDR','横河','AQ7280','C3QM24019F',NULL,NULL,'软包、','触摸屏开裂、保养、检定\r\n人工600\r\n2018.06.06顺丰153 404 577  873 同6、23号单发货','人工600\r\n2018.06.06顺丰153 404 577  873 同6、23号单发货',NULL,'0'),
('0023','2018-05-12','0001','0004','熔接机','住友','TYPE-81C','1943224740014',NULL,NULL,'FC-6S切刀（123416#）','保养检定\r\n人工750\r\n2018.06.06顺丰153 404 577  873 同22、6号单发货',NULL,NULL,'0'),
('0024','2018-05-23','0005','0010','熔接机','住友','TYPE-81C','194321787024',NULL,NULL,NULL,'显微镜头偏移致不能熔接。\r\n无票350。 2018.5.31收光，林\r\n2018.5.25顺丰153 377 159 993',NULL,NULL,'0'),
('0025','2018-05-26','0004','0008','熔接机','古河','S-153A','01392',NULL,NULL,'CT-05切割刀，电池两块、便携箱','带垫运费52.00',NULL,NULL,'0'),
('0026','2018-05-26','0006','0011','OTDR','安立','MT9082A9','6C00047107',NULL,NULL,'电池、光口','偶有提示光纤再用中中断测试。（保修期内）\r\n故障点同前。BGA取样芯片虚焊。从方处更换了模块板（C9)\r\n2018.5.31顺丰820 721 115 127',NULL,NULL,'0'),
('0027','2018-05-27','0004','0012','OTDR','信维','MTP-1000','15331012',NULL,NULL,'电池、光口','触摸屏、按键失效、',NULL,NULL,'0'),
('0028','2018-05-27','0004','0012','熔接机','藤仓','FSM-60S','52424',NULL,NULL,'BTR-08(B20594#、ADC-13、AC线、充电线','保养、带垫运费65.00、提示更换电极、',NULL,NULL,'0'),
('0029','2018-05-27','0004','0012','熔接机','吉隆','KL-300F','308001401C0311',NULL,NULL,'250夹具1对。带垫运费65.00','能开机、不能接续。检查为按键板有故障。',NULL,NULL,'0'),
('0030','2018-05-25','0005','0010','OTDR','奥普威尔','OPT6103','01010451 146079',NULL,NULL,'电池、光口','不能测试\r\n无票400。2018.5.31收光，林\r\n2018.5.31顺丰153 391 360 591',NULL,NULL,'0'),
('0031','2018-06-01','0005','0013','熔接机','古河','S-153A','01989',NULL,NULL,'裸机','接续鼓包，损耗大（实测1-2DB)\r\n无票400.\r\n2018.6.03 顺丰820 736 762 933',NULL,NULL,'0'),
('0032','2018-06-01','0005','0010','OTDR','安立','MT9083A8','6200818849',NULL,NULL,'电池、光口','按键不良\r\n更换按键350.00\r\n2018.6.11顺丰153 413 678 390',NULL,NULL,'0'),
('0033','2018-06-01','0005','0010','OTDR','安立','MT9083A8','6200744275',NULL,NULL,'电池（非原厂）、光口','按键不良\r\n更换按键350.00\r\n2018.6.11顺丰153 413 678 390',NULL,NULL,'0'),
('0034','2018-06-03','0005','0010','OTDR','EXFO','AXS-110','562184',NULL,NULL,'光口2个、电池2块','开机自检不过、屏幕左侧显示有断线、\r\n更换存储器500.00.质保1年\r\n2018.6.11顺丰153 413 678 390',NULL,NULL,'0'),
('0035','2018-06-03','0005','0010','熔接机','住友','TYPE-81C','194321563037',NULL,NULL,'电池','花屏。\r\n检测结果为主板故障。非显示器故障。400.00\r\n2018.6.11顺丰153 413 678 390',NULL,NULL,'0'),
('0036','2018-06-03','0005','0010','路由探测仪','3M','2273E',NULL,'接收机','1118000M','只有接收机部分','检查无故障，2018/7/5顺丰到付，821 305 938 351',NULL,NULL,'0'),
('0037','2018-06-02','0007','0014','协议分析仪','CTC','HCT-6000','B1601V19400008040001',NULL,NULL,'裸机','不能开机\r\n强电接入烧毁。无维修价值。\r\n2018.06.21顺丰153 439 503 885返回',NULL,NULL,'0'),
('0038','2018-06-07','0008','0015','熔接机','住友','TYPE-39','22565',NULL,NULL,'BU-66S(124128#)','电池不好使，无电源线\r\nX/Y显微镜偏移、接续损耗大、放电不稳\r\n更换电极、拆调显微镜、整机调整\r\n整机维修完毕\r\n电池返厂，2018/7/5顺丰，153 472 738 650.修复返回客户',NULL,NULL,'0'),
('0039','2018-06-07','0008','0016','熔接机','吉隆','KL-280F','2820001210115',NULL,NULL,'250夹具1对、电源、AC线、便携箱','马达、电极、摄像头、显示屏有故\r\n不能开机\r\n整机返厂',NULL,NULL,'0'),
('0040','2018-06-07','0008','0017','OTDR','EXFO','AXS-110','563932',NULL,NULL,'电池2块、光口2个、软包','不能开机、不能充电、电源模块损坏\r\n整机返厂',NULL,NULL,'0'),
('0041','2018-06-07','0008','0017','熔接机','光谷','GT-17B01','1401130433',NULL,NULL,'电池X-11E(1400205)、便携箱','纤芯不对准\r\nCCD电路故障\r\n整机返厂',NULL,NULL,'0'),
('0042','2018-06-07','0008','0017','熔接机','住友','TYPE-39','16238',NULL,NULL,'PS-66(214502#)、BU-66L(111931#)、便携箱','电池损坏\r\nMSX报错、电极老化\r\n更换马达、电极\r\n整机维修完毕电池返厂 王大鹏6.14取走整机，18645181068 ；电池于 2018/7/9发顺丰153 480 330 354 ；联系王群，确定寄孙学军 18645181285',NULL,NULL,'0'),
('0043','2018-06-07','0008','0017','熔接机','吉隆','KL-300F','308001408C0120',NULL,NULL,'便携箱','左按键失效\r\n整机返厂',NULL,NULL,'0'),
('0044','2018-06-07','0008','0017','熔接机','吉隆','KL-300F','3080013100154',NULL,NULL,'250夹具1对、便携箱','V槽偏移需更换\r\n实际问题X成像异常、CCD显微镜故障\r\n整机返厂',NULL,NULL,'0'),
('0045','2018-06-07','0008','0018','OTDR','ZCTT','E20B','09121108',NULL,NULL,'电池、外护套、光口1个','光口损坏\r\n更换光口任然测试不良\r\n整机返厂',NULL,NULL,'0'),
('0046','2018-06-07','0008','0018','OTDR','ZCTT','E20B','09121105',NULL,NULL,'电池、光口2个、外护套','光口损坏、屏幕有裂纹\r\n更换光口任然测试不良\r\n整机返厂；修内光口、配2个外光口',NULL,NULL,'0'),
('0047','2018-06-07','0008','0018','OTDR','信维','MTP-1000','15331020',NULL,NULL,'电池、光口','光口损坏\r\n更换光口、整机调整\r\n整机维修完毕',NULL,NULL,'0'),
('0048','2018-06-07','0008','0018','熔接机','光谷','GT-17B01','GTB15102241',NULL,NULL,'CT-06切刀（71776#）、电池、AC适配器、AC线、便携箱','熔接机不良、不能充电、电池损坏\r\n不能开机\r\nZL推进夹板故障、电极老化\r\n整机返厂',NULL,NULL,'0'),
('0049','2018-06-07','0008','0018','熔接机','住友','TYPE-39','22592',NULL,NULL,'PS-66(218986#)、BU-66L(114608#）、AC线、充电线、便携箱','电池无法充电、电池不能存电\r\n更换电极、整机调测、电池老化\r\n整机维修完毕\r\n电池返厂；20180714顺丰返回；153 491 675 272',NULL,NULL,'0'),
('0050','2018-06-07','0008','0018','熔接机','藤仓','FSM-60S','25877',NULL,NULL,'BTR-08(B08446#)、ADC-13(A08396#)、AC线、充电线、国产切刀（无号）、便携箱','熔接断纤、电池老化、充电线损坏、切刀滑槽分离脱落\r\n拆调CCD显微镜、整机调整、随机切刀无价值未处理，可报修更换处理\r\n电池老化，需返厂但客户需要应急用。后续沟通处理方法。\r\n整机维修完毕',NULL,NULL,'0'),
('0051','2018-06-07','0008','0018','路由探测仪','京雁','QTQ-11','110 0251',NULL,NULL,'发射机、接收机、充电器、软包','不能使用\r\n发射机损坏、无价值不建议维修（待沟通）',NULL,NULL,'0'),
('0052','2018-06-07','0008','0019','热剥钳','住友','JR-5','无号',NULL,NULL,'裸机','热剥不良\r\n整机返厂',NULL,NULL,'0'),
('0053','2018-06-07','0008','0019','OTDR','安立','MT9090A','6C00002695',NULL,NULL,'光口2个、','需配2个充电器、3个电池（2个内置，1个大容量外挂）、6个光口（含本机更换1个）\r\n整机维修完毕，陈雷取走一个光口\r\n6.15程雷取走设备',NULL,NULL,'0'),
('0054','2018-06-07','0008','0020','OTDR','EXFO','FTB-200','454629','FTB-7500','456223','光口、电池、AC适配器、AC线、铝箱','内光口磨损、需更换\r\n整机返厂（附件留刘亚东处）\r\n1、光口故障 。2、充电不能充满。 3、内部漏电（电池内放电3-5%/日）\r\n整机修复完毕',NULL,NULL,'0'),
('0055','2018-06-07','0008','0020','熔接机','藤仓','FSM-60S','50187',NULL,NULL,'ADC-13(A18131)、AC线','接续几芯后不能熔接\r\n更换电极、整机调整\r\n整机维修完毕',NULL,NULL,'0'),
('0056','2018-06-07','0008','0021','熔接机','创耀恒祥','CY800H','107H14094984',NULL,NULL,'电池、便携箱','熔接不良\r\n右马达不推进\r\n整机返厂',NULL,NULL,'0'),
('0057','2018-06-07','0008','0021','熔接机','创耀恒祥','CY800H','107H14094884',NULL,NULL,'无电池、黄色切刀一把（12050222#）、便携箱','故障不详\r\n熔接不良、热缩不良、切割不良\r\n更换电极、拆调CCD显微镜、更换刀片\r\n整机维修完毕',NULL,NULL,'0'),
('0058','2018-06-07','0008','0021','熔接机','创耀恒祥','CY800H','107H15016077',NULL,NULL,'电池一块、便携箱','故障不详\r\n左V行槽开裂\r\n整机返厂',NULL,NULL,'0'),
('0059','2018-06-07','0008','0021','熔接机','藤仓','FSM-60S','25959',NULL,NULL,'ADC-13（A08404#)、BTR-08(B08458#)、AC线、充电线、便携箱','热熔时自动关机、放电过左\r\n更换电极、拆调CCD显微镜、整机调整、电池老化\r\n整机维修完毕\r\n电池返厂，2018/7/9发顺丰 153 480 328 321',NULL,NULL,'0'),
('0060','2018-06-07','0008','0021','OTDR','横河','AQ7275','91KA11182',NULL,NULL,'电池、光口','不能测试\r\n电路故障\r\n整机返厂',NULL,NULL,'0'),
('0061','2018-06-07','0008','0021','熔接机','吉隆','KL-300F','无号',NULL,NULL,'250夹具1对','熔接不良、屏左侧有亮线（有缺陷、可用）\r\n更换电极、拆调CCD显微镜\r\n整机维修完毕',NULL,NULL,'0'),
('0062','2018-06-07','0008','0021','熔接机','吉隆','KL-280F','2820001210218',NULL,NULL,'3.1夹具1对','熔接不良、\r\n放电异常\r\n整机返厂',NULL,NULL,'0'),
('0063','2018-06-07','0008','0021','切割刀','国产',NULL,'34102',NULL,NULL,NULL,'切割不良\r\n报修更换处理',NULL,NULL,'0'),
('0064','2018-06-07','0008','0021','切割刀','国产','GS-11','无号',NULL,NULL,NULL,'切割不良\r\n报修更换处理',NULL,NULL,'0'),
('0065','2018-06-07','0008','0021','切割刀','东电','DT-675','1612618',NULL,NULL,NULL,'切割不良\r\n报修更换处理',NULL,NULL,'0'),
('0066','2018-06-07','0008','0021','切割刀','东电','DT-675','1612615',NULL,NULL,NULL,'切割不良\r\n报修更换处理',NULL,NULL,'0'),
('0067','2018-06-07','0008','0021','切割刀','国产','GS-16','17021163',NULL,NULL,NULL,'切割不良\r\n报修更换处理',NULL,NULL,'0'),
('0068','2018-06-07','0008','0021','切割刀','吉隆','KL-21F','14040125',NULL,NULL,'塑料黑盒子','切割不良\r\n报修更换处理',NULL,NULL,'0'),
('0069','2018-06-07','0008','0021','切割刀','瑞研','RY-6S','201606-08004',NULL,NULL,'黑布包','切割不良\r\n报修更换处理',NULL,NULL,'0'),
('0070','2018-06-07','0008','0021','切割刀','国产','无','无',NULL,NULL,'黑布包','切割不良\r\n报修更换处理',NULL,NULL,'0'),
('0071','2018-06-07','0008','0021','切割刀','东电','DT-675','1612617',NULL,NULL,'黑布包','散架、配件不全\r\n报修更换处理',NULL,NULL,'0'),
('0072','2018-06-07','0008','0022','OTDR','横河','AQ7275','91KA11197',NULL,NULL,'电池、AC适配器、AC线、红光源、其它机器用的AC适配器（13.5V）、软包','无法测距、不好使\r\n整机返厂',NULL,NULL,'0'),
('0073','2018-06-07','0008','0022','OTDR','信维','MTP-1000','15331038',NULL,NULL,'光口、电池、AC适配器、AC线、软包','测试不准、后面出假数值\r\n更换光口、整机调整\r\n整机维修完毕\r\n2018.6.11张建（18603609162）取走“该使用人需住友6S刀片”',NULL,NULL,'0'),
('0074','2018-06-07','0008','0022','OTDR','信维','MTP-1000','15331026',NULL,NULL,'光口、红光口适配器丢失、电池、AC适配器、AC线、软包','测试不准、重新测试只能按\"否“才能测试\r\n不能创建测试文档\r\n整机返厂',NULL,NULL,'0'),
('0075','2018-06-07','0008','0022','熔接机','住友','TYPE-81C','194321312007',NULL,NULL,'AC适配器、AC线、便携箱','熔接速度慢、ZL\\ZR推进异常、\r\n整机返厂',NULL,NULL,'0'),
('0076','2018-06-07','0008','0022','熔接机','藤仓','61S','CAHOXX1HK25HZAOS',NULL,NULL,'BRT-09(16071618)、ADC-18(16091633)、AC线、充电线、便携箱','开机不熔接、提示MSY马达错误\r\n更换MSY马达、更换电极\r\n整机维修完毕\r\n2018.6.11张建取走，18603609162',NULL,NULL,'0'),
('0077','2018-06-07','0008','0022','熔接机','藤仓','FSM-60S','25861',NULL,NULL,'BTR-08(B08431#)、ADC-13(A08400#)、AC线、充电线、便携箱','右马达不复位、电极不好使、电池不好使\r\n更换马达、更换电极\r\n整机维修完毕\r\n客户着急使用。电池处理措施后续联系\r\n2018.6.11张建取走',NULL,NULL,'0'),
('0078','2018-06-07','0008','0022','路由探测仪','3M','2273E','无号',NULL,NULL,'发射机、接收机','无法测距\r\n整机返厂',NULL,NULL,'0'),
('0079','2018-06-07','0008','0022','熔接机','信维','OFS-80','12580E386',NULL,NULL,'AC适配器、AC线、250夹具1对、便携箱','熔接机芯后就不能熔接提示错误、防风盖损坏\r\n整机返厂',NULL,NULL,'0'),
('0080','2018-06-07','0008','0022','OTDR','EXFO','FTB-100','128496-3A','FTB-7323B','127245-39','铝箱、AC适配器、AC线、电池','原长线报废机、 有时无法开机、测距不准\r\n整机返厂',NULL,NULL,'0'),
('0081','2018-06-07','0008','0023','天馈线测试仪','BIRD','SA-6000EX','091800543',NULL,NULL,'软包、主机','不能测试\r\n整机返厂',NULL,NULL,'0'),
('0082','2018-06-07','0008','0023','光功率计','Pro\'sKit','MT-7602','无',NULL,NULL,'裸机','光功率、红光、网下测试多功能测试。有故障\r\n报修更换处理',NULL,NULL,'0'),
('0083','2018-06-07','0008','0023','红光源','汉维','HW-800','无',NULL,NULL,'裸机','不发光\r\n报修更换处理',NULL,NULL,'0'),
('0084','2018-06-07','0008','0024','OTDR','EXFO','AXS-110','560836',NULL,NULL,'电池2块、光口2个','测试不准、电池劣化\r\n\r\n整机返厂',NULL,NULL,'0'),
('0085','2018-06-07','0008','0025','OTDR','安捷伦','E6000C','DE41300309','E6003A','3617G02586','软包、AC适配器、AC线、光口','电池劣化（需配）、 屏显花屏、面板开裂\r\n整机返厂',NULL,NULL,'0'),
('0086','2018-06-08','0008','0026','OTDR','EXFO','AXS-110','562132',NULL,NULL,'电池2块、光口2个、达迪软包','带光测试端口不能测、另需4块电池\r\n整机返厂',NULL,NULL,'0'),
('0087','2018-06-08','0008','0027','熔接机','住友','TYPE-66','2588',NULL,NULL,'PS-66(213410#)、JR-5(任一伦）及连接线、AC线、12芯夹具1对、便携箱','偏轴\r\nV槽老化、调整V槽，整机调测。\r\n整机维修完毕。实际使用不妥时建议返厂处理',NULL,NULL,'0'),
('0088','2018-06-08','0008','0026','切割刀','住友','FC-6S','SACSA10E2',NULL,NULL,'蓝色盒子','切割不良\r\n更换住友原厂刀片、更换4给橡皮压垫、更换压纤板\r\n整机维修完毕\r\n栾卫峰6.15取走',NULL,NULL,'0'),
('0089','2018-06-08','0008','0026','切割刀','Pro\'sKit','FB-1688','无',NULL,NULL,'裸','切割不良、结构件丢失、不具维修价值\r\n报修更换处理\r\n栾卫峰6.15取走',NULL,NULL,'0'),
('0090','2018-06-09','0008','0028','熔接机','吉隆','KL-300F','308001408C0123',NULL,NULL,'AC适配器、AC线、便携箱','显示屏坏\r\n整机返厂',NULL,NULL,'0'),
('0091','2018-06-09','0008','0028','熔接机','吉隆','KL-280F','2820001210120',NULL,NULL,'AC适配器、AC线、250夹具1对、便携箱','摄像头坏\r\n修复摄像头、更换电极\r\n整机维修完毕',NULL,NULL,'0'),
('0092','2018-06-09','0008','0028','熔接机','光谷','GT-17B01','GTB15101242',NULL,NULL,'AC适配器、AC线、RY-6S切刀（201606-07856）、便携箱','马达故障\r\n不能接续、CCD成像有故\r\n整机返厂',NULL,NULL,'0'),
('0093','2018-06-09','0008','0028','熔接机','光谷','GT-17B01','GTB15111101',NULL,NULL,'AC适配器、AC线、便携箱','不能开机\r\n整机返厂',NULL,NULL,'0'),
('0094','2018-06-09','0008','0028','路由探测仪','JRTT','Trace-06','0275',NULL,NULL,'主机、接收机、耳机、便携箱','待查\r\n无价值不建议维修',NULL,NULL,'0'),
('0095','2018-06-09','0008','0028','熔接机','瑞研','RY-F600P','201606-07856',NULL,NULL,'3.0夹具1对、便携箱','屏不亮\r\n整机返厂',NULL,NULL,'0'),
('0096','2018-06-09','0008','0029','熔接机','吉隆','KL-300F','308001408C0171',NULL,NULL,'裸','熔接不良\r\n更换电极、调整维护\r\n整机维修完毕',NULL,NULL,'0'),
('0097','2018-06-09','0008','0029','熔接机','瑞研','RY-F600P','2106-07904',NULL,NULL,'PX夹具1对','熔接不良、加热器脱落\r\nV槽残缺损坏\r\n整机返厂',NULL,NULL,'0'),
('0098','2018-06-09','0008','0029','熔接机','光谷','GT-17B01','1401130420',NULL,NULL,'裸','不能开机\r\n电路故障\r\n整机返厂',NULL,NULL,'0'),
('0099','2018-06-09','0008','0029','OTDR','EXFO','AXS-110','562202',NULL,NULL,'电池1对、缺电池盖、2个光口、充电器','不能开机\r\n电池有故\r\n整机返厂',NULL,NULL,'0'),
('0100','2018-06-09','0008','0029','OTDR','ZCTT','E20B','09121109',NULL,NULL,'外护套、2个光口、电池','光口不良\r\n更换光口任然不能测试\r\n整机返厂',NULL,NULL,'0'),
('0101','2018-06-11','0008','0030','熔接机','吉隆','KL-280F','2820001210103',NULL,NULL,'250夹具1对、便携箱','显示有故\r\n修理显示电路、更换电极、调整\r\n整机维修完毕',NULL,NULL,'0'),
('0102','2018-06-11','0008','0030','熔接机','吉隆','KL-280F','2820001210106',NULL,NULL,'3.1夹具1对、便携箱','电池、电极\r\n更换电极、拆调显微镜、整机调整\r\n整机维修完毕 \r\n电池返厂',NULL,NULL,'0'),
('0103','2018-06-11','0008','0030','熔接机','光谷','GT-17B01','GTB15111054',NULL,NULL,'电池、便携箱','电池、电极、U行槽不平\r\n更换电极、更换左压纤板、整机调整\r\n整机维修完毕\r\n电池返厂。电池于2018/7/9发顺丰153 480 326 561',NULL,NULL,'0'),
('0104','2018-06-11','0008','0031','路由探测仪','Radiodetection','RD4000','11/T10-B-159EC',NULL,NULL,'接收机、发射机、耦合钳、直连线、软包','待查\r\n整机返厂',NULL,NULL,'0'),
('0105','2018-06-11','0008','0032','熔接机','光谷','GT-17B01','GTB15101212',NULL,NULL,'AC适配器、AC线、便携箱','不熔接    \r\n整机返厂',NULL,NULL,'0'),
('0106','2018-06-11','0008','0015','路由探测仪','3M','2273E','02290003',NULL,NULL,'裸、单一接收机','待查\r\n整机返厂',NULL,NULL,'0'),
('0107','2018-06-12','0008','0033','熔接机','信维','OFS-80','12580E391',NULL,NULL,'AC电源、AC线、便携箱、\r\n使用人，张宇，18604610955','熔接不良\r\n更换电极、CCD显微镜、整机调整\r\n整机维修完毕',NULL,NULL,'0'),
('0108','2018-06-12','0008','0033','熔接机','华宝','HB-8000,(KL260)','07661052',NULL,NULL,'AC适配器、AC线、屏保盖、便携箱\r\n张宇，18604610955','不能熔接\r\n更换电极、整机调整\r\n整机维修完毕',NULL,NULL,'0'),
('0109','2018-06-12','0008','0033','熔接机','吉隆','KL-300T','3090001303117',NULL,NULL,'切刀（34221#）、便携箱\r\n刘，18604611896','熔接机不良、电极、刀片\r\n更换电极、更换刀片、整机调整\r\n整机维修完毕',NULL,NULL,'0'),
('0110','2018-06-12','0008','0033','熔接机','吉隆','KL-300F','308001408C0172',NULL,NULL,'切刀（14110107#）、便携箱\r\n邹兴国，18604610877','不能熔接、电极、AC适配器缺失\r\n不能开机、\r\n整机返厂',NULL,NULL,'0'),
('0111','2018-06-12','0008','0033','熔接机','吉隆','KL-260C','2630000904108',NULL,NULL,'切割刀（201708100993#）、AC适配器、AC线、便携箱\r\n邹兴国，18604610877','不能熔接、电极\r\nCCD显微镜成像、更换电极、切割不良（此刀建议报修更换处理）、整机调整\r\n整机维修完毕',NULL,NULL,'0'),
('0112','2018-06-13','0008','0026','熔接机','藤仓','FSM-40S','008720',NULL,NULL,'切刀CT-20(13879#),ADC-07(021238#)、便携箱','Y轴焦点马达故障、切割不良\r\n更换马达、整机调整、维修切刀\r\n整机维修完毕',NULL,NULL,'0'),
('0113','2018-06-15','0008','0026','熔接机','藤仓','FSM-50S','15499',NULL,NULL,'ADC-11(228xxx)','电池、充电线',NULL,NULL,'0'),
('0114','2018-01-10','0004','0034','熔接机','住友','TYPE-39','4726',NULL,NULL,NULL,'补录：\r\n换物镜：1350，修加热器：630，人工：750  合计2730.00\r\n个人要求送一对电极。未开票\r\n2018.3.19发顺丰153 212 654 392',NULL,NULL,'0'),
('0115','2018-01-10','0004','0034','熔接机','DVP','DVP-730','不详',NULL,NULL,NULL,'补录：\r\n损坏严重，无维修价值。退回\r\n2018.03.19顺丰，153 212 654 392',NULL,NULL,'0'),
('0116','2018-01-10','0005','0010','OTDR','横河','AQ7275','91KA11184','735032',NULL,'电池、光口','补录：\r\n不能测试\r\n无票价500，2018.01.24已收光、林\r\n2018.01.22发顺丰870 413 086 761',NULL,NULL,'0'),
('0117','2018-03-07','0005','0010','OTDR','JDSU','MTS-6000','22750','8126MR','15100','电池、光口','补录：\r\n无票价200\r\n2018.03.23收光、林\r\n2018.03.20顺丰153 215 760 053',NULL,NULL,'0'),
('0118','2018-03-08','0005','0010','OTDR','安立','MT9082A8','6201122555',NULL,NULL,'电池、光口','补录：\r\n无票价400，2018.03.23收光、林\r\n2018.03.20顺丰153 215 760 053',NULL,NULL,'0'),
('0119','2018-03-09','0009','0035','熔接机','住友','TYPE-39','23704',NULL,NULL,'切刀FC-6S(103829#)、电池BU-66(115303#)、便携箱','补录：\r\n损耗大\r\n保养750、调刀100、换大容量电芯1600\r\n专票2450，实收现2300\r\n2018.03.10寄回。',NULL,NULL,'0'),
('0120','2018-03-16','0010','0036','OTDR','横河','AQ1200','91M814867',NULL,NULL,'电池、光口、AC线、AC适配器、电池盖锁扣损坏脱落','补录：\r\n质保期内、免费、发到付运费',NULL,NULL,'0'),
('0121','2018-03-17','0005','0010','天馈线测试仪','安立','S331D','1124029',NULL,NULL,'电池、其余全无','补录：\r\n自检PLL失效\r\n无票价400，2018.4.4收光、林\r\n2018.3.29顺丰153 239 711 500',NULL,NULL,'0'),
('0122','2018-03-21','0005','0010','OTDR','EXFO','AXS-110','563932',NULL,NULL,'电池、光口2个','补录：\r\n不能开机、测不准\r\n客户放弃\r\n2018.04.07顺丰到付',NULL,NULL,'0'),
('0123','2018-03-23','0011','0037','OTDR','安立','MW9076B','不详',NULL,NULL,'电池、光口','补录：\r\n不能测试\r\n专票1910，2018.4.4收微信，返963，2018.4.8返微信\r\n2018.4.08顺丰880 579 910 483',NULL,NULL,'0'),
('0124','2018-03-28','0006','0011','OTDR','安立','MT9082A9','6C00047107',NULL,NULL,'电池、光口','补录：\r\n不能测试，提示在线光\r\n无票1100. 2018.4.27收微信\r\n2018.4.27顺丰820 068 613 104',NULL,NULL,'0'),
('0125','2018-03-28','0006','0011','OTDR','横河','AQ7275','不详','735032','91JB24426','光口为法兰。电池、电池盖','补录：\r\n不能测试，提示在线强光\r\n无票900，2018.04.08收微信\r\n2018.4.09顺丰880 644 524 586',NULL,NULL,'0'),
('0126','2018-03-28','0006','0011','OTDR','横河','AQ7275','不详',NULL,NULL,'无电池盖、无电池、光口','补录：\r\n不能开机\r\n无票500，2018.4.08收维修\r\n2018.04.09顺丰880 644 524 586',NULL,NULL,'0'),
('0127','2018-04-04','0012','0039','交流适配器','住友','PS-66','不详',NULL,NULL,NULL,'补录：\r\n无输出，变压器损坏\r\n无票400，2018.04.04收微信\r\n2018.4.8顺丰153 258 945 305',NULL,NULL,'0'),
('0128','2018-04-23','0005','0013','OTDR','EXFO','MAX-720B','882333',NULL,NULL,'光口、电池','补录：\r\n不认U盘、无法导出文件\r\n无票400 2018.5.7收光，林\r\n2018.4.28顺丰820 068 613 113',NULL,NULL,'0'),
('0129','2018-05-07','0005','0010','熔接机','住友','TYPE-81C','194321645024',NULL,NULL,NULL,'补录：\r\n无票500，2018.5.11收光，林\r\n2018.5.11顺丰153 343 313 264',NULL,NULL,'0'),
('0130','2018-05-07','0005','0010','OTDR','EXFO','AXS-110','567519',NULL,NULL,NULL,'补录：\r\n无票400+电池2块160 =560 2018.5.11收光，林\r\n2018.5.11顺丰153 343 313 264',NULL,NULL,'0'),
('0131','2018-05-08','0005','0010','熔接机','住友','TYPE-81C','不详',NULL,NULL,NULL,'补录：\r\nZL推进异常\r\n无票350 2018.5.18收光，林\r\n2018.5.15顺丰153 351 656 575',NULL,NULL,'0'),
('0132','2018-05-11','0003','0003','OTDR','EXFO','AXS-100','610452',NULL,NULL,'光口、电池2块','补录：1、	不能开机,进入测试状态；检查结果：1、FLASH 存储器损坏；维修过程：1、更换Flash存储器材料费：360.00 ；2、	维修调测人工：750  ；合计1100  实际850 扣税返210  2018.6.5收光公，2018.6.6返微信；2018.5.18顺丰153 360 113 401',NULL,NULL,'0'),
('0133','2018-05-11','0003','0003','OTDR','依爱','AV6416','不详',NULL,NULL,'电池、光','能开机进入测试状态，但无光信号发出。以致不能测试；维修过程：1、	光模块板，驱动电路损坏。更换DSP材料：450.00（100）；2、外光口：260.00/单价  更换2个，520（520）；3、	维修调测人工：750.00；合计1720  实际1370 扣税返294 。 2018.6.5收光公，2018.6.6返微信；2018.5.21顺丰153 365 157 639',NULL,NULL,'0'),
('0134','2018-06-07','0013','0040','OTDR','信测','AOR500-A','1250500001888',NULL,NULL,'电池、光口','不能测试；内光口故障，500 ；另购FC/PC外光口:70 合计570.00',NULL,NULL,'0'),
('0135','2018-06-11','0014','0041','熔接机','住友','TYPE-39','28876',NULL,NULL,'FC-6S(无号，张金川），便携箱、PS-66(2199xx)','熔接不良;自检光学报错。调整切刀（没更换刀片）；更换电极：400+100；维修、整机调整：600；合计1100.00；2018.6.20吴光丽取走',NULL,NULL,'0'),
('0136','2018-06-11','0014','0041','熔接机','住友','TYPE-39','23485',NULL,NULL,'PS-66(224368),FC-6S(无号）、BU-66L(121132)便携箱','熔接不良；开机报显微镜摄像错误；更换电极：400+100；更换刀片：600+150；维修、整机调整维护：600；合计：1850.00；2018.6.20吴光丽取走',NULL,NULL,'0'),
('0137','2018-06-11','0014','0041','熔接机','住友','T-600C','694322972127',NULL,NULL,'仿FC-6S(SACSA3F58)、便携箱','切割不良、熔接不良；更换电极：400+100；更换刀片：600+150；整机维护调整：400.00；合计：1650.00；2018.6.20吴光丽取走','更换电极：400+100；更换刀片：600+150；整机维护调整：400.00；合计：1650.00；2018.6.20吴光丽取走',NULL,'0'),
('0138','2018-06-12','0015','0042','OTDR','安立','MT9081D1','6200457495',NULL,NULL,'电池、法兰光口、黑软包、自制金属壳AC适配器','不能充电。交流适配器损坏。更换新的。150 ; 另购国产FC-6S刀2把（600/把），4个国产刀片100/片；2018.6.29顺丰153 458 823 034',NULL,NULL,'0'),
('0139','2018-06-12','0001','0004','天馈线测试仪','安立','S331L','1306052',NULL,NULL,'软包、2根测试电缆、两个转接头、含内置电池、无AC适配器','不能测试、PLL故障；整机修复完毕，报价1650.待回复',NULL,NULL,'0'),
('0140','2018-06-19','0015','0043','OTDR','EXFO','AXS-110','812339',NULL,NULL,'光口2个、AC适配器、AC线、电池2块、软包','开机死机、更换NAND存储器（新）1100.质保1年。2018.6.29发顺丰821 275 031 946',NULL,NULL,'0'),
('0141','2018-06-19','0005','0010','OTDR','安立','MT9090','不详',NULL,NULL,'内置电池、无光口、AC适配器、软包','不能开机、电池老化；6.23微信回复，此机无维修价值（在别处修过），我司放弃； 2018.6.29发顺丰153 458 819 967; 141/144同单发货。',NULL,NULL,'0'),
('0142','2018-06-19','0005','0010','熔接机','住友','TYPE-81C','194321645024',NULL,NULL,'内置电池','推测损耗大 （返修机，免费）',NULL,NULL,'0'),
('0143','2018-06-19','0005','0010','路由探测仪','3M','2273E','08510008',NULL,NULL,'发射机、接收机、输出电缆','测不出去。',NULL,NULL,'0'),
('0144','2018-06-19','0005','0010','OTDR','EXFO','AXS-100','479133',NULL,NULL,'光口1个、电池2块','充电存不住。其余请祥查；6.23维修报价。测试不良350，更换电池2块160. 处理光口、更换电池；2018.6.29发顺丰153 458 819 967; 141/144同单发货。合计510.00\r\n2018-2018-7-4收款',NULL,NULL,'0'),
('0145','2018-06-19','0005','0010','OTDR','OF','OF-960',NULL,NULL,NULL,'内置电池、3光口','不能进入程序；6.21微信语音报价400，质保3个月',NULL,NULL,'0'),
('0146','2018-06-20','0003','0044','熔接机','藤仓','FSM-60S','32593',NULL,NULL,'BTR-08（B35136),便携箱','放电不稳，过左或右。接续不良；更换电极，调整成像、电极座组件、校准参数；电极：450；人工：750；合计：1200.00；注：电池未做测试，待使用不良后在做处理；2018.6.25顺丰821 172 226 482 。146、147、150、151同单发货。',NULL,NULL,'0'),
('0147','2018-06-20','0003','0044','熔接机','藤仓','FSM-60S','06380',NULL,NULL,'ADC-13(A11660)、便携箱','X、Y场显微镜CCD进灰、接续不良、推测损坏超差；更换电极、拆卸处理CCD、校工作参数；电极：450.00、 人工：750.00；合计：1200；注：该机Y显微镜成像有老化现象。任偶有推测损耗值偏差较大情况。只要目视屏幕没有明显偏芯情况下，OTDR测试实际损耗值在0.05以下；2018.6.25顺丰821 172 226 482 。146、147、150、151同单发货。',NULL,NULL,'0'),
('0148','2018-06-20','0003','0044','熔接机','藤仓','FSM-60S','45125',NULL,NULL,'便携箱','X,Y场显微镜偏移。20180714发顺丰821 477 374 607 ；148、149、152、153同单发走',NULL,NULL,'0'),
('0149','2018-06-20','0003','0044','熔接机','藤仓','FSM-60S','48095',NULL,NULL,'便携箱','Y场灰尘；20180714发顺丰821 477 374 607 ；148、149、152、153同单发走',NULL,NULL,'0'),
('0150','2018-06-20','0003','0044','熔接机','藤仓','FSM-60S','28568',NULL,NULL,'BTR-08(B32138、ADC-13(A11672)、AC线、充电线、便携箱','放电不稳，接续不良；更换电极、调整参数；电极：450；  人工：750；合计：1200.00；注：电池未作测试，待以后使用不良时可单独处理；另该机的显微镜成像指标偏低（机器原生质量问题），在遇到个别光纤对芯时偶有时间篇长的情况发生为正常现象；2018.6.25顺丰821 172 226 482 。146、147、150、151同单发货。','更换电极、调整参数；电极：450；  人工：750；合计：1200.00；注：电池未作测试，待以后使用不良时可单独处理；另该机的显微镜成像指标偏低（机器原生质量问题），在遇到个别光纤对芯时偶有时间篇长的情况发生为正常现象；2018.6.25顺丰821 172 226 482 。146、147、150、151同单发货。','注：电池未作测试，待以后使用不良时可单独处理；另该机的显微镜成像指标偏低（机器原生质量问题），在遇到个别光纤对芯时偶有时间篇长的情况发生为正常现象；2018.6.25顺丰821 172 226 482 。146、147、150、151同单发货。','0'),
('0151','2018-06-20','0003','0044','熔接机','藤仓','FSM-60R','05917',NULL,NULL,'ADC-13(A18884)、BTR-08(B18739)、12芯夹具1对、AC线、充电线、热剥钳线、HJS-02、CT-30(169169)含绿盒、便携箱','放电不稳、切割不良、偏轴、热剥钳硅胶压条脱落丢失；电极：450；刀片：550；热剥钳：120；人工：750；合计：1870.00；2018.6.25顺丰821 172 226 482 。146、147、150、151同单发货。','电极：450；刀片：550；热剥钳：120；人工：750；合计：1870.00；2018.6.25顺丰821 172 226 482 。146、147、150、151同单发货。',NULL,'0'),
('0152','2018-06-20','0003','0044','熔接机','藤仓','FSM-60S','32781',NULL,NULL,'BTR-08(B32133)、便携箱','更换左右光纤压板；修加热炉；X场灰尘；20180714发顺丰821 477 374 607 ；148、149、152、153同单发走',NULL,NULL,'0'),
('0153','2018-06-20','0003','0044','OTDR','EXFO','AXS-100','585158',NULL,NULL,'电池2块、光口1个、充电器1个、软包','更换电池、充电器、维修电路 \r\n20180714发顺丰821 477 374 607 ；148、149、152、153同单发走。',NULL,NULL,'0'),
('0154','2018-06-20','0003','0044','OTDR','JDSU','MTS-6000','6930','8126MR','8798','AC线、AC适配器、软包','电池老化、屏暗','更换电芯、维修背光',NULL,'0'),
('0155','2018-06-20','0003','0044','光缆普查仪','聚联','TK100-20/N','812210030175',NULL,NULL,'AC线、AC适配器、耳机、软包','当日确定无故障，取走。',NULL,NULL,'0'),
('0156','2018-06-21','0005','0010','熔接机','住友','TYPE-39','22576',NULL,NULL,'裸','左压纤组件断裂损坏；材料：500；人工：200；接续损耗大。200；合计报价900+马达400（选项）\r\n客户放弃。（放电回路板VR1-258);2018/07/09发顺丰到付。无运单号','材料：500；人工：200；',NULL,'0'),
('0157','2018-06-22','0005','0045','熔接机','藤仓','FSM-80S','1N8PR7PG69L5X354',NULL,NULL,'电池BTR-09(13071050#)','加热器故障；更换左微动开关：350；整机修复完毕；2018.6.23顺丰153 443 163 840','更换左微动开关：350；整机修复完毕；2018.6.23顺丰153 443 163 840',NULL,'0'),
('0158','2018-06-26','0003','0003','OTDR','EXFO','AXS-100','610452',NULL,NULL,'光口1个，电池2块、软包、AC适配器','开机不能进入系统。返修，质保期内; 更换NAND存储器（新）；2018.6.29顺丰',NULL,'沟通告知设计缺陷，质保一年。','0'),
('0159','2018-06-27','0005','0046','熔接机','藤仓','FSM-80S','1N8PR7PG69L5X354',NULL,NULL,'BTR-09(13071050)','保修期内，（陈浩如送修，陈西楚送回）反应热炉任然报警，并伴有齿轮嘎嘎响。','检查无问题。估计是陈的试机方法不妥。\r\n2018.6.27顺丰',NULL,'0'),
('0160','2018-07-03','0016','0047','传输分析仪','ACTERNA','EDT-135','PC6847',NULL,NULL,'电池','不能开机、修主板、更换电池电池故障',NULL,NULL,'0'),
('0161','2018-07-03','0016','0047','传输分析仪','ICT','ICT-2040','EB5728',NULL,NULL,'裸','待查',NULL,NULL,'0'),
('0162','2018-07-03','0016','0047','传输分析仪','SUNLEADS','SL3000','03040282',NULL,NULL,'裸','待查',NULL,NULL,'0'),
('0163','2018-07-03','0016','0047','传输分析仪','SUNLEADS','SL2000','00202002',NULL,NULL,'裸','待查',NULL,NULL,'0'),
('0164','2018-07-03','0016','0047','传输分析仪','SUNLEADS','SL3000','不详',NULL,NULL,'无后盖，散架','待查',NULL,NULL,'0'),
('0165','2018-07-03','0016','0047','传输分析仪','ICT','ICT-2040','EB5720',NULL,NULL,'散架','待查',NULL,NULL,'0'),
('0166','2018-07-03','0016','0047','传输分析仪','TEKTRONIX','CTS-850','B030460',NULL,NULL,'裸','待查',NULL,NULL,'0'),
('0167','2018-07-03','0005','0048','OTDR','JDSU','MTS-4000','4977','4126LM','4339','电池、光口','测试不准。内光口。350.00   ；   2018/7/9顺丰153 480 321 762',NULL,NULL,'0'),
('0168','2018-07-06','0005','0010','OTDR','安立','MT9083A8','6200919460',NULL,NULL,'裸机，光口已改成法兰。无电池.\r\n陈浩如的机器','下按键不好使;\r\n更换按键350;2018.7.8发顺丰153 477 563 530',NULL,NULL,'0'),
('0169','2018-07-06','0010','0036','OTDR','横河','AQ1200','C3SE26025F',NULL,NULL,'电池、光口','无法充电、接充电器无法开机',NULL,NULL,'0'),
('0170','2018-07-12','0008','0030','熔接机','藤仓','FSM-60S','25909',NULL,NULL,'冷气槽、ADC-13(A08399)','放电过左或过右；深度保养、更换电极、调整显微镜；20180714顺丰返回153 491 664 592',NULL,NULL,'0'),
('0171','2018-07-11','0015','0042','熔接机','住友','TYPE-39','不详',NULL,NULL,'BU-66S(015499);PS-66(017546);FC-6S(号不详）；便携箱、AC线、充电线','待查',NULL,NULL,'0'),
('0172','2018-07-12','0005','0010','路由探测仪','3M','2273E','？0027',NULL,NULL,'发射机、接收机、输出电缆','待查',NULL,NULL,'0'),
('0173','2018-07-12','0005','0010','熔接机','住友','TYPE-81C','194321563037',NULL,NULL,'内置电池、','收不到耦合信号；上次维修后反应加热器不正常。属质保期\r\n确定为前次维修时将A\\B加热器插反了。导致按A加热键，实际是B在工作。\r\n2018/07/12当日返回。顺丰821 525 464 298',NULL,NULL,'0'),
('0174','2018-07-14','0005','0010','OTDR','EXFO','FTB-200','687880','FTB-7400','691713','电池、光口、无面包旋钮、','不能开机、',NULL,NULL,'0');

/*Table structure for table `test` */

DROP TABLE IF EXISTS `test`;

CREATE TABLE `test` (
  `id` char(4) NOT NULL,
  `namet` char(30) DEFAULT NULL,
  `nameindex` char(30) DEFAULT NULL,
  PRIMARY KEY (`id`)
) ENGINE=InnoDB DEFAULT CHARSET=gbk;

/*Data for the table `test` */

insert  into `test`(`id`,`namet`,`nameindex`) values 
('0001','中铁电气化集团','ZTDQHJT'),
('0002','北京山川浩通信公司','BJSCHTXGS'),
('0003','北京鑫海莱通信科技有限公司','BJZHLTXKJYXGS'),
('0004','北京弘兆博通科技','BJHZBTKJ'),
('0005','天津光通通信工程技术有限公司','TJGTTXGCJSYXGS'),
('0006','北京森德讯科贸有限公司','BJSDXKMYXGS'),
('0007','天津蓟县李建坤工程队','TJJXLJKGCD'),
('0008','河北通信建设有限公司','HBTXJSYXGS'),
('0009','中国联通大庆分公司','ZGLTDQFGS'),
('0010','哈尔滨诺天通信','HEBNTTX'),
('0011','上海安跃电气有限公司','SHAYDQYXGS'),
('0012','中国联通哈尔滨分公司','ZGLTHEBFGS'),
('0013','河北新创恒网络工程技术有限公司','HBXCHWLGCJSYXGS'),
('0014','福州福光电子有限公司','FZFGDZYXGS'),
('0015','长春中人通信有限公司','CCZRTXYXGS'),
('0016','房山杨志军工程队','FSYZJGCD'),
('0017','河北联通公司唐山分公司','HBLTGSTSFGS'),
('0018','衡水联通','HSLT');

/* Trigger structure for table `customer` */

DELIMITER $$

/*!50003 DROP TRIGGER*//*!50032 IF EXISTS */ /*!50003 `customer_BEFORE_UPDATE` */$$

/*!50003 CREATE */ /*!50017 DEFINER = 'root'@'localhost' */ /*!50003 TRIGGER `customer_BEFORE_UPDATE` BEFORE UPDATE ON `customer` FOR EACH ROW BEGIN
#set @a=(select cusname from customer where id='0001');
#set  new.nameindex=pinyin(@a);
END */$$


DELIMITER ;

/* Function  structure for function  `GET_FIRST_PINYIN_CHAR` */

/*!50003 DROP FUNCTION IF EXISTS `GET_FIRST_PINYIN_CHAR` */;
DELIMITER $$

/*!50003 CREATE DEFINER=`root`@`localhost` FUNCTION `GET_FIRST_PINYIN_CHAR`(P_NAME VARCHAR(255)) RETURNS varchar(255) CHARSET gbk
    DETERMINISTIC
BEGIN 
    DECLARE V_RETURN VARCHAR(255);
    DECLARE V_BOOL INT DEFAULT 0;
          DECLARE FIRST_VARCHAR VARCHAR(1);

    SET FIRST_VARCHAR = left(CONVERT(P_NAME USING gbk),1);
    SELECT FIRST_VARCHAR REGEXP '[a-zA-Z]' INTO V_BOOL;
    IF V_BOOL = 1 THEN
      SET V_RETURN = FIRST_VARCHAR;
    ELSE
      SET V_RETURN = ELT(INTERVAL(CONV(HEX(left(CONVERT(P_NAME USING gbk),1)),16,10),   
          0xB0A1,0xB0C5,0xB2C1,0xB4EE,0xB6EA,0xB7A2,0xB8C1,0xB9FE,0xBBF7,   
          0xBFA6,0xC0AC,0xC2E8,0xC4C3,0xC5B6,0xC5BE,0xC6DA,0xC8BB,  
          0xC8F6,0xCBFA,0xCDDA,0xCEF4,0xD1B9,0xD4D1),   
      'A','B','C','D','E','F','G','H','J','K','L','M','N','O','P','Q','R','S','T','W','X','Y','Z');  
    END IF;
    RETURN V_RETURN;
END */$$
DELIMITER ;

/* Function  structure for function  `pinyin` */

/*!50003 DROP FUNCTION IF EXISTS `pinyin` */;
DELIMITER $$

/*!50003 CREATE DEFINER=`root`@`localhost` FUNCTION `pinyin`(P_NAME VARCHAR(255)) RETURNS varchar(255) CHARSET utf8
BEGIN
    DECLARE V_COMPARE VARCHAR(255);
    DECLARE V_RETURN VARCHAR(255);
    DECLARE I INT;

    SET I = 1;
    SET V_RETURN = '';
    while I < LENGTH(P_NAME) do
        SET V_COMPARE = SUBSTR(P_NAME, I, 1);
        IF (V_COMPARE != '') THEN
            #SET V_RETURN = CONCAT(V_RETURN, ',', V_COMPARE);
            SET V_RETURN = CONCAT(V_RETURN, GET_FIRST_PINYIN_CHAR(V_COMPARE));
            #SET V_RETURN = fristPinyin(V_COMPARE);
        END IF;
        SET I = I + 1;
    end while;

    IF (ISNULL(V_RETURN) or V_RETURN = '') THEN
        SET V_RETURN = P_NAME;
    END IF;

    RETURN V_RETURN;
END */$$
DELIMITER ;

/* Procedure structure for procedure `GeneratorId` */

/*!50003 DROP PROCEDURE IF EXISTS  `GeneratorId` */;

DELIMITER $$

/*!50003 CREATE DEFINER=`root`@`localhost` PROCEDURE `GeneratorId`(tbName char(20),colName char(20))
    MODIFIES SQL DATA
BEGIN
DECLARE rowcounter INT;
set @sqlStr=concat('select COUNT(',colName,') into ',rowcounter,' from ',tbName);
 #update test set namet=@sqlstr;
prepare stmt from @sqlStr; 
execute stmt;
deallocate prepare stmt;
#SELECT COUNT(colName)
#INTO rowcounter FROM TablValue(@tbName);
#SET rowcounter=roucounter+1;
#insert tbName SET colName =CAST(rowcounter AS CHAR(4));
end */$$
DELIMITER ;

/* Procedure structure for procedure `Pyindex` */

/*!50003 DROP PROCEDURE IF EXISTS  `Pyindex` */;

DELIMITER $$

/*!50003 CREATE DEFINER=`root`@`localhost` PROCEDURE `Pyindex`(inout chrName text)
begin
 set @index=pinyin(chrName);
 select @index;
end */$$
DELIMITER ;

/* Procedure structure for procedure `test_id_ai` */

/*!50003 DROP PROCEDURE IF EXISTS  `test_id_ai` */;

DELIMITER $$

/*!50003 CREATE DEFINER=`root`@`localhost` PROCEDURE `test_id_ai`(in colName char(30))
begin
declare counter int;
select COUNT(id) into counter from test;
insert into test set id =right(concat('000',cast((counter+1) as char(4))),4),namet=colName,nameindex=pinyin(colName);
end */$$
DELIMITER ;

/*Table structure for table `订单` */

DROP TABLE IF EXISTS `订单`;

/*!50001 DROP VIEW IF EXISTS `订单` */;
/*!50001 DROP TABLE IF EXISTS `订单` */;

/*!50001 CREATE TABLE  `订单`(
 `维修单号` varchar(4) ,
 `接收日期` date ,
 `客户名称` char(40) ,
 `设备名称` varchar(30) 
)*/;

/*Table structure for table `order` */

DROP TABLE IF EXISTS `order`;

/*!50001 DROP VIEW IF EXISTS `order` */;
/*!50001 DROP TABLE IF EXISTS `order` */;

/*!50001 CREATE TABLE  `order`(
 `维修单号` varchar(4) ,
 `接件日期` date ,
 `客户名称` char(40) ,
 `客户地址` char(40) ,
 `联系人` varchar(4) ,
 `收货地址` varchar(40) ,
 `电话` varchar(12) ,
 `设备名称` varchar(30) ,
 `设备品牌` varchar(30) ,
 `设备型号` varchar(30) ,
 `设备编号` varchar(30) ,
 `模块名称` varchar(30) ,
 `模块编号` varchar(30) ,
 `随机附件` varchar(100) ,
 `故障详情` varchar(200) ,
 `处理详情` varchar(200) ,
 `沟通详情` varchar(200) 
)*/;

/*Table structure for table `repair_order` */

DROP TABLE IF EXISTS `repair_order`;

/*!50001 DROP VIEW IF EXISTS `repair_order` */;
/*!50001 DROP TABLE IF EXISTS `repair_order` */;

/*!50001 CREATE TABLE  `repair_order`(
 `单号` varchar(4) ,
 `接收日期` date ,
 `客户名称` char(40) ,
 `设备名称` varchar(30) 
)*/;

/*View structure for view 订单 */

/*!50001 DROP TABLE IF EXISTS `订单` */;
/*!50001 DROP VIEW IF EXISTS `订单` */;

/*!50001 CREATE ALGORITHM=UNDEFINED DEFINER=`root`@`localhost` SQL SECURITY DEFINER VIEW `订单` AS select `repairorder`.`Id` AS `维修单号`,`repairorder`.`Date` AS `接收日期`,`customer`.`CusName` AS `客户名称`,`repairorder`.`DeviceName` AS `设备名称` from (`repairorder` join `customer` on((`repairorder`.`CustomerId` = `customer`.`Id`))) */;

/*View structure for view order */

/*!50001 DROP TABLE IF EXISTS `order` */;
/*!50001 DROP VIEW IF EXISTS `order` */;

/*!50001 CREATE ALGORITHM=UNDEFINED DEFINER=`root`@`localhost` SQL SECURITY DEFINER VIEW `order` AS select `repairorder`.`Id` AS `维修单号`,`repairorder`.`Date` AS `接件日期`,`customer`.`CusName` AS `客户名称`,`customer`.`Location` AS `客户地址`,`contacts`.`ContactsName` AS `联系人`,`contacts`.`Location` AS `收货地址`,`contacts`.`Tel` AS `电话`,`repairorder`.`DeviceName` AS `设备名称`,`repairorder`.`DeviceBrand` AS `设备品牌`,`repairorder`.`DeviceModel` AS `设备型号`,`repairorder`.`DeviceSn` AS `设备编号`,`repairorder`.`DeviceMoudleName` AS `模块名称`,`repairorder`.`DeviceMoudleSn` AS `模块编号`,`repairorder`.`DeviceAccessory` AS `随机附件`,`repairorder`.`FaultDescription` AS `故障详情`,`repairorder`.`ProcessDescription` AS `处理详情`,`repairorder`.`CommunicationDetails` AS `沟通详情` from ((`repairorder` join `customer` on((`repairorder`.`CustomerId` = `customer`.`Id`))) join `contacts` on((`repairorder`.`ContactsId` = `contacts`.`Id`))) */;

/*View structure for view repair_order */

/*!50001 DROP TABLE IF EXISTS `repair_order` */;
/*!50001 DROP VIEW IF EXISTS `repair_order` */;

/*!50001 CREATE ALGORITHM=UNDEFINED DEFINER=`root`@`localhost` SQL SECURITY DEFINER VIEW `repair_order` AS select `repairorder`.`Id` AS `单号`,`repairorder`.`Date` AS `接收日期`,`customer`.`CusName` AS `客户名称`,`repairorder`.`DeviceName` AS `设备名称` from (`repairorder` join `customer` on((`repairorder`.`CustomerId` = `customer`.`Id`))) */;

/*!40101 SET SQL_MODE=@OLD_SQL_MODE */;
/*!40014 SET FOREIGN_KEY_CHECKS=@OLD_FOREIGN_KEY_CHECKS */;
/*!40014 SET UNIQUE_CHECKS=@OLD_UNIQUE_CHECKS */;
/*!40111 SET SQL_NOTES=@OLD_SQL_NOTES */;
